Company,Valuation ($B),Date Joined,Country,Industry,Select Investors
FiveTran,$1.20,6/30/2020,United States,Data management & analytics,"Matrix Partners, Andreessen Horowitz, General Catalyst"
KKW Beauty,$1,6/29/2020,United States,E-commerce & direct-to-consumer,Coty
Cazoo,$1,6/23/2020,United Kingdom,E-commerce & direct-to-consumer,"dmg ventures, General Catalyst, Octopus Ventures"
Workhuman,$1.20,6/23/2020,Ireland,Internet software & services,ICG
Upgrade,$1,6/17/2020,United States,Fintech,"Union Square Ventures, Ribbit Capital, VY Capital"
Orca Bio,$1,6/17/2020,United States,Health,"Lightspeed Venture Partners, Data Collective, 8VC"
Postman,$2,6/11/2020,United States,Internet software & services,"Nexus Venture Partners, CRV, Insight Partners"
Lilium Aviation,$1,6/9/2020,Germany,Other,"Freigeist Capital, Obvious Ventures, Atomico"
Apeel Sciences,$1,5/26/2020,United States,Other,"Upfront Ventures, Tao Capital Partners, Andreessen Horowitz"
HyalRoute,$3.50,5/26/2020,Singapore,Mobile & telecommunications,Kuang-Chi
Amplitude,$1,5/21/2020,United States,Data management & analytics,"Benchmark, Battery Ventures, Institutional Venture Partners"
Keep,$1,5/19/2020,China,Mobile & telecommunications,"Bertelsmann Asia Investments, GGV Capital, Morningside Venture Capital"
DigitalOcean,$1.15,5/14/2020,United States,Internet software & services,"Andreessen Horowitz, Access Industries, IA Ventures"
Quizlet,$1,5/13/2020,United States,Edtech,"Union Square Ventures, Altos Ventures, Costanoa Ventures"
Dingdong Maicai,$2,5/12/2020,China,E-commerce & direct-to-consumer,"Gaorong Capital, CMC Capital Partners, General Atlantic"
ApplyBoard,$1.50,5/5/2020,Canada,Edtech,"Artiman Ventures, Plug and Play Ventures, Anthos Capital"
ASR Microelectronics,$1.60,4/30/2020,China,Hardware,"Shenzhen Capital Group, Sequoia Capital China, Hillhouse Capital Management"
Figma,$2,4/30/2020,United States,Internet software & services,"Index Ventures, Greylock Partners, Kleiner Perkins Caufield & Byers"
Emerging Markets Property Group,$1,4/28/2020,United Arab Emirates,Other,"OLX Group, KCK Group, EXOR Seeds"
o9 Solutions,$1,4/28/2020,United States,Artificial intelligence,KKR
VAST Data,$1.20,4/16/2020,United States,Data management & analytics,"Norwest Venture Partners, Goldman Sachs, Dell Technologies Capital"
Podium,$1.50,4/7/2020,United States,Internet software & services,"Accel, Summit Partners, Google Ventures"
Via Transportation,$2.25,3/30/2020,United States,Auto & transportation,"83North, RiverPark Ventures, Pitango Venture Capital"
InSightec,$1.30,3/6/2020,Israel,Health,"York Capital Management, GE Healthcare, Koch Disruptive Technologies"
Headspin,$1.16,2/25/2020,United States,Mobile & telecommunications,"ICONIQ Capital, Dell Technologies Capital, Tiger Global Management"
SentinelOne,$1.10,2/19/2020,United States,Cybersecurity,"Granite Hill Capital Partners, Data Collective, Tiger Global Management"
Udemy,$2,2/19/2020,United States,Edtech,"MHS Capital, Insight Partners, Norwest Venture Partners"
Flywire,$1,2/13/2020,United States,Fintech,"Spark Capital, F-Prime Capital, Kibo Ventures"
Course Hero,$1.10,2/12/2020,United States,Edtech,"NewView Capital, Maveron, Ridge Ventures"
Skydance Media,$2.30,2/11/2020,United States,Other,"RedBird Capital Partners, CJ ENM, Tencent Holdings"
FirstCry,$1.20,2/7/2020,India,E-commerce & direct-to-consumer,"SoftBank Group, SAIF Partners India, Valiant Capital Partners"
Alto Pharmacy,$1,1/30/2020,United States,Health,"Jackson Square Ventures, Greenoaks Capital Management, Softbank Group"
Verkada,$1.80,1/29/2020,United States,Cybersecurity,"next47, First Round Capital, Sequoia Capital"
Pine Labs,$1.60,1/24/2020,India,Fintech,"MasterCard, Temasek, PayPal Ventures"
AppsFlyer,$1.60,1/21/2020,United States,Mobile & telecommunications,"Magma Venture Partners, Pitango Venture Capital, Qumra Capital"
Snyk,$1,1/21/2020,United Kingdom,Cybersecurity,"BOLDstart Ventures, Google Ventures, Accel"
Arrival,$3.91,1/15/2020,United Kingdom,Auto & transportation,"Kia Motors Company, Hyundai Motor Company"
Sisense,$1,1/9/2020,United States,Data management & analytics,"Opus Capital, Genesis Partners, Battery Ventures"
ClassPass,$1,1/8/2020,United States,Internet software & services,"General Catalyst, L Catterton, Acequia Capital"
HighRadius,$1,1/7/2020,United States,Fintech,"Susquehanna Growth Equity, Citi Ventures, ICONIQ Capital"
Loft,$1,1/3/2020,Brazil,E-commerce & direct-to-consumer,"Monashees+, Andreessen Horowitz, QED Investors"
Lenskart,$1.50,12/20/2019,India,E-commerce & direct-to-consumer,"Chiratae Ventures, PremjiInvest, Softbank"
Ripple,$10,12/20/2019,United States,Fintech,"IDG Capital, Venture51, Lightspeed Venture Partners"
Glovo,$1,12/19/2019,Spain,"Supply chain, logistics, & delivery","IDInvest Partners, Seaya Ventures, Lakestar"
Bright Health,$1,12/17/2019,United States,Health,"New Enterprise Associates, Bessemer Venture Partners, Flare Capital Partners"
TELD,$1.12,12/16/2019,China,Fintech,"China Reform Fund, Gaopeng Capital, Jinhui Xingye"
wefox Group,$1.65,12/11/2019,Germany,Fintech,"Salesforce Ventures, Seedcamp, OMERS Ventures"
Nuvei,$2,12/11/2019,Canada,Other,"Caisse de depot et placement du Quebec, Novacap Investments, Goldman Sachs"
Wildlife Studios,$1.30,12/5/2019,Brazil,Other,"Benchmark, Bessemer Venture Partners"
Dataiku,$1.40,12/4/2019,United States,Internet software & services,"Alven Capital, FirstMark Capital, capitalG"
Duolingo,$1.50,12/4/2019,United States,Education,"capitalG, Union Square Ventures, New Enterprise Associates"
Rapyd,$1.20,12/3/2019,United Kingdom,Fintech,"Target Global, General Catalyst, Durable Capital Partners"
Vinted,$1.10,11/27/2019,Lithuania,E-commerce & direct-to-consumer,"Accel, Insight Partners, Burda Principal Investments"
You & Mr Jones,$1.30,11/19/2019,United States,Other,Undisclosed
Guild Education,$1,11/13/2019,United States,Internet software & services,"Redpoint Ventures, Harrison Metal, Bessemer Venture Partners"
ACV Auctions,$1.50,11/12/2019,United States,E-commerce & direct-to-consumer,"Bessemer Venture Partners, Tribeca Venture Partners, Bain Capital Ventures"
MUSINSA,$1.89,11/11/2019,South Korea,E-commerce & direct-to-consumer,Sequoia Capital
Coveo,$1.10,11/06/2019,Canada,Artificial intelligence,"Fonds de Solidarite FTQ, Propulsion Ventures, BDC Venture Capital"
Riskified,$1,11/05/2019,United States,Cybersecurity,"Entree Capital, Genesis Partners, Qumra Capital"
Figure Technologies,$1.20,11/5/2019,United States,Fintech,"DCM Ventures, Ribbit Capital, RPM Ventures"
Faire,$1,10/30/2019,United States,Artificial intelligence,"Khosla Ventures, Forerunner Ventures, Sequoia Capital"
Vacasa,$1,10/29/2019,United States,Travel,"Level Equity, NewSpring Holdings, Riverwood Capital"
Scopely,$1.70,10/29/2019,United States,Mobile & telecommunications,"Greycroft, Sands Capital, Revolution Growth"
Kujiale,$1,10/25/2019,China,Internet software & services,"GGV Capital, IDG Capital, Linear Venture"
KK Group,$1,10/23/2019,China,E-commerce & direct-to-consumer,"Matrix Partners China, Bright Venture Capita, Shenzhen Capital Group"
Instabase,$1.05,10/21/2019,United States,Data management & analytics,"New Enterprise Associates, Greylock Partners, Andreessen Horowitz"
Pendo,$1,10/17/2019,United States,Internet software & services,"Contour Venture Partners, Battery Ventures, Core Capital Partners"
EBANX,$1,10/16/2019,Brazil,Fintech,"FTV Capital, Endeavor"
Grammarly,$1,10/10/2019,United States,Internet software & services,"General Catalyst, Institutional Venture Partners, Breyer Capital"
Huaqin Telecom Technology,$2.19,10/8/2019,China,Mobile & telecommunications,"Zhangjiang Haocheng Venture Capital, Walden International, Intel Capital"
Next Insurance,$1,10/7/2019,United States,Fintech,"Zeev Ventures, Ribbit Capital, TLV Partners"
Dave,$1,9/30/2019,United States,Fintech,"Section 32, SV Angel, Norwest Venture Partners"
RigUp,$1.90,9/30/2019,United States,Internet software & services,"Founders Fund, Quantum Energy Partners, Bedrock Capital"
Checkr,$2.20,9/19/2019,United States,Internet software & services,"Y Combinator, Accel, T. Rowe Price"
Acronis,$1,9/18/2019,Switzerland,Cybersecurity,"Goldman Sachs, VebVentures, Insight Partners"
Deposit Solutions,$1.12,9/18/2019,Germany,Fintech,"e.ventures, Greycroft, FinLab"
CMR Surgical,$1,9/17/2019,United Kingdom,Health,"Cambridge Innovation Capital, LGT Capital Partners, Escala Capital"
Anduril,$1.90,9/11/2019,United States,Artificial intelligence,"Andreessen Horowitz, Founders Fund, Revolution Ventures"
Perfect Diary,$2,9/11/2019,China,Other,"Sequoia Capital China, Hillhouse Capital Management, CMC Capital Partners"
QuintoAndar,$1,9/10/2019,Brazil,E-commerce & direct-to-consumer,"Kaszek Ventures, General Atlantic, SoftBank Group"
Rivian,$3.50,9/10/2019,United States,Auto & transportation,"Amazon, Ford Motor Company, Cox Automotive"
Grove Collaborative,$1,09/06/2019,United States,E-commerce & direct-to-consumer,"MHS Capital, NextView Ventures, Mayfield Fund"
Numbrs,$1,8/22/2019,Switzerland,Fintech,"Investment Corporation of Dubai, Centralway"
Knotel,$1,8/21/2019,United States,Other,"Bloomberg Beta, Newmark Knight Frank, Norwest Venture Partners"
C2FO,$1,8/7/2019,United States,Fintech,"Union Square Ventures, Summerhill Venture Partners, Mithril Capital Management"
Ibotta,$1,8/6/2019,United States,Fintech,"Koch Disruptive Technologies, Teamworthy Ventures, GGV Capital"
Cybereason,$1.50,8/6/2019,United States,Cybersecurity,"SoftBank Group, CRV, Spark Capital"
Scale AI,$1,8/5/2019,United States,Artificial intelligence,"Accel, Y Combinator, Index Ventures"
Leap Motor,$1.01,8/5/2019,China,Auto & transportation,"Sequoia Capital China, Gopher Asset Management, Shanghai Electric Group"
SmartNews,$1.20,8/5/2019,Japan,Mobile & telecommunications,"Japan Post Capital, Globis Capital Partners, Atomico"
Babylon Health,$2,8/2/2019,United Kingdom,Artificial intelligence,"Kinnevik, Vostok New Ventures, Public Investment Fund of Saudi Arabia"
Lightricks,$1,7/31/2019,Israel,Artificial intelligence,"Viola Ventures, Insight Partners, ClalTech, Goldman Sachs"
monday.com,$1.90,7/30/2019,United States,Internet software & services,"Entree Capital, Genesis Partners, Insight Partners"
DataRobot,$1,7/29/2019,United States,Artificial intelligence,"New Enterprise Associates, Accomplice, IA Ventures"
Hippo,$1,7/24/2019,United States,Fintech,"Propel Venture Partners, Horizons Ventures, Comcast Ventures"
Trax,$1.30,7/22/2019,Singapore,Artificial intelligence,"Hopu Investment Management, Boyu Capital, DC Thomson Ventures"
FlixBus,$2.25,7/18/2019,Germany,Auto & transportation,"Holtzbrinck Ventures, Unternehmertum Venture Capital, General Atlantic"
Beike Zhaofang,$14,7/18/2019,China,Internet software & services,"Tencent Holdings, Hillhouse Capital Management, Source Code Capital"
Turo,$1,7/17/2019,United States,E-commerce & direct-to-consumer,"August Capital, Google Ventures, Shasta Ventures"
Icertis,$1,7/17/2019,United States,Artificial intelligence,"Eight Roads Ventures, Greycroft, Ignition Partners"
Argo AI,$7.25,07/12/2019,United States,Artificial intelligence,"Volkswagen Group, Ford Autonomous Vehicles"
Rivigo,$1.07,7/11/2019,India,"Supply chain, logistics, & delivery","SAIF Partners India, Warburg Pincus, Trifecta Capital Advisors"
Sonder,$1.30,7/11/2019,United States,Travel,"Structure Capital, Spark Capital, Greylock Partners"
OneTrust,$2.70,7/11/2019,United States,Internet software & services,Insight Partners
Ola Electric Mobility,$1,7/2/2019,India,Auto & transportation,"SoftBank Group, Tiger Global Management, Matrix Partners India"
Yimidida,$1.17,7/1/2019,China,"Supply chain, logistics, & delivery","Source Code Capital, Global Logistic Properties, K2VC"
Lixiang Automotive,$2.93,6/28/2019,China,Auto & transportation,"Future Capital Discovery Fund, Shougang Fund, BlueRun Ventures"
Miaoshou Doctor,$1.02,6/27/2019,China,E-commerce & direct-to-consumer,"Sequoia Capital China, Qiming Venture Partners, Tencent Holdings"
StockX,$1,6/26/2019,United States,E-commerce & direct-to-consumer,"Google Ventures, Battery Ventures, DST Global"
Druva,$1,6/19/2019,United States,Data management & analytics,"Nexus Venture Partners, Tenaya Capital, Sequoia Capital"
Meero,$1,6/18/2019,France,Artificial intelligence,"Aglae Ventures, Global Founders Capital, Alven Capital"
Gympass,$1,6/12/2019,United States,Internet software & services,"General Atlantic, SoftBank Group, Atomico"
KnowBe4,$1,6/12/2019,United States,Cybersecurity,"Elephant Venture Capital, KKR, Ten Eleven Ventures"
Northvolt,$1.57,6/12/2019,Sweden,Other,"Vattenfall, Volkswagen Group, Goldman Sachs"
Yanolja,$1,6/11/2019,South Korea,Travel,"SBI Investment Korea, Partners Investment, GIC"
Loggi,$1,06/05/2019,Brazil,"Supply chain, logistics, & delivery","Qualcomm Ventures, SoftBank Group. Monashees+"
Aprogen,$1.04,5/31/2019,South Korea,Health,"Lindeman Asia Investment, Nichi-Iko Pharmaceutical"
KnowBox,$1,5/30/2019,China,Edtech,"TAL Education Group, Legend Star, Alibaba Group"
Mafengwo,$2,5/23/2019,China,Travel,"Qiming Venture Partners, Capital Today, General Atlantic"
Ivalua,$1.10,5/21/2019,United States,Fintech,"Ardian, Tiger Global Management, KKR"
Marqeta,$4.30,5/21/2019,United States,Fintech,"83North, Granite Ventures, CommerzVentures"
Auth0,$1,5/20/2019,United States,Cybersecurity,"Bessemer Venture Partners, K9 Ventures, Trinity Ventures"
Zipline International,$1.20,5/20/2019,United States,"Supply chain, logistics, & delivery","Sequoia Capital, Baillie Gifford & Co., Google Ventures"
GetYourGuide,$1,5/16/2019,Germany,Travel,"Spark Capital, Highland Europe, Sunstone Capital"
Away,$1.40,5/15/2019,United States,E-commerce & direct-to-consumer,"Global Founders Capital, Comcast Ventures, Forerunner Ventures"
Impossible Foods,$4,5/13/2019,United States,Consumer & retail,"Khosla Ventures, Horizons Ventures, Temasek Holdings"
Sumo Logic,$1,5/8/2019,United States,Data management & analytics,"Greylock Partners, Sutter Hill Ventures, Accel"
VTS,$1,5/7/2019,United States,Internet software & services,"Trinity Ventures, Fifth Wall Ventures, OpenView Venture Partners"
BigBasket,$1,5/6/2019,India,"Supply chain, logistics, & delivery","Alibaba Group, Bessemer Venture Partners, Helion Venture Partners"
PolicyBazaar,$1.50,5/6/2019,India,Fintech,"Info Edge, Softbank Capital"
Carta,$1.70,5/6/2019,United States,Fintech,"Menlo Ventures, Spark Capital, Union Square Ventures"
Checkout.com,$5.50,5/2/2019,United Kingdom,Fintech,"Insight Partners, DST Global"
Poizon,$1,4/29/2019,China,Mobile & telecommunications,"DST Global, Sequoia Capital China, Gaorong Capital"
Coursera,$1,4/25/2019,United States,Edtech,"New Enterprise Associates, Kleiner Perkins Caufield & Byers, GSV Capital, Learn Capital"
KeepTruckin,$1.20,4/23/2019,United States,"Supply chain, logistics, & delivery","Google Ventures, Index Ventures, Scale Venture Partners"
Sila Nanotechnologies,$1,4/16/2019,United States,Other,"Bessemer Venture Partners, Sutter Hill Ventures, Matrix Partners"
Outreach,$1.33,4/16/2019,United States,Artificial intelligence,"Mayfield Fund, M12, Trinity Ventures"
ENOVATE,$1.85,4/15/2019,China,Auto & transportation,Automobile Industry Guidance Fund
Dream11,$1,4/9/2019,India,Internet software & services,"Kaalari Capital, Tencent Holdings, Steadview Capital"
Liquid,$1,4/3/2019,Japan,Fintech,"JAFCO Co, Bitmain Technologies, IDG Capital"
ezCater,$1.25,4/2/2019,United States,"Supply chain, logistics, & delivery","Insight Venture Partners, ICONIQ Capital, Launchpad Venture Group"
Segment,$1.50,4/2/2019,United States,Data management & analytics,"Accel, Y Combinator, Thrive Capital"
Kaseya,$2,3/27/2019,United States,Cybersecurity,"Insight Partners, TPG Alternative & Renewable Technologies, Ireland Strategic Investment Fund"
Airwallex,$1.80,3/25/2019,Australia,Fintech,"DST Global, Sequoia Capital China, Tencent Holdings"
Intellifusion,$1,3/22/2019,China,Artificial intelligence,"BOC International, TopoScend Capital, Hongxiu VC"
Rent the Runway,$1,3/21/2019,United States,E-commerce & direct-to-consumer,"Bain Capital Ventures, Kleiner Perkins Caufield & Byers, Highland Capital Partners"
Doctolib,$1.14,3/19/2019,France,Health,"BPI France, Kerala Ventures, Accel"
Glossier,$1.20,3/19/2019,United States,Consumer & retail,"Forerunner Ventures, Institutional Venture Partners, Thrive Capital"
OVO,$2.90,3/14/2019,Indonesia,Fintech,"Grab, Tokopedia, Tokyo Century Corporation"
WM Motor,$5,3/8/2019,China,Auto & transportation,"Baidu Capital, Linear Venture, Tencent"
Chime,$5.80,3/5/2019,United States,Fintech,"Forerunner Ventures, Crosslink Capital, Homebrew"
OCSiAl,$1,3/4/2019,Luxembourg,Other,"A&NN, Rusnano"
Delhivery,$1.50,2/27/2019,India,"Supply chain, logistics, & delivery","Times Internet, Nexus Venture Partners, SoftBank Group"
Horizon Robotics,$3,2/27/2019,China,Artificial intelligence,"Hillhouse Capital Management, Linear Venture, Morningside Venture Capital"
Ovo Energy,$1.28,2/14/2019,United Kingdom,Other,"Mitsubishi Corporation, Mayfair Equity Partners"
TuSimple,$1,2/13/2019,United States,Artificial intelligence,"Sina Weibo Fund, Zhiping Capital, Composite Capital Partners"
Nuro,$2.70,2/11/2019,United States,Auto & transportation,"SoftBank Group, Greylock Partners, Gaorong Capital"
Lyell Immunopharma,$1.16,2/8/2019,United States,Health,"ARCH Venture Partners, Foresite Capital, Altitude Life Science Ventures"
Aurora,$2.50,2/7/2019,United States,Auto & transportation,"Index Ventures, Greylock Partners, Lightspeed Venture Partners"
Calm,$1,2/6/2019,United States,Consumer & retail,"Insight Venture Partners, TPG Growth, Sound Ventures"
Databricks,$6.20,2/5/2019,United States,Data management & analytics,"Andreessen Horowitz, New Enterprise Associates, Battery Ventures"
eDaili,$1.90,2/1/2019,China,E-commerce & direct-to-consumer,"K2VC, Lightspeed China Partners, Sky9 Capital"
Hims,$1.10,1/29/2019,United States,Health,"Forerunner Ventures, Thrive Capital, Redpoint Ventures"
Collibra,$2.36,1/29/2019,United States,Data management & analytics,"Index Ventures, Battery Ventures, ICONIQ Capital"
Confluent,$4.50,1/23/2019,United States,Data management & analytics,"Benchmark, Sequoia Capital, Index Ventures"
Globality,$1,1/22/2019,United States,Artificial intelligence,SoftBank Group
N26,$3.50,1/10/2019,Germany,Fintech,"Redalpine Venture Partners, Earlybird Venture Capital, Valar Ventures"
Fair,$1.20,12/20/2018,United States,Auto & transportation,"CreditEase Fintech Investment Fund, BMW i Ventures, SoftBank Group"
Jusfoun Big Data,$1.65,12/19/2018,China,Data management & analytics,"Boxin Capital, DT Capital Partners, IDG Capital"
4Paradigm,$2,12/19/2018,China,Artificial intelligence,"Sequoia Capital China, China Construction Bank, Bank of China"
Seismic,$1,12/18/2018,United States,Internet software & services,"Jackson Square Ventures, General Atlantic, Lightspeed Venture Partners"
Graphcore,$1.95,12/18/2018,United Kingdom,Artificial intelligence,"Dell Technologies Capital, Pitango Venture Capital, Amadeus Capital Partners"
Tokopedia,$7,12/12/2018,Indonesia,E-commerce & direct-to-consumer,"SoftBankGroup, Alibaba Group, Sequoia Capital India"
Viva Republica (Toss),$2.20,12/10/2018,South Korea,Fintech,"Bessemer Venture Partners, Qualcomm Ventures, Kleiner Perkins Caufield & Byers"
Asana,$1.50,11/29/2018,United States,Internet software & services,"8VC, Benchmark, Generation Investment Management"
Geek+,$1,11/21/2018,China,Hardware,"Volcanics Ventures, Vertex Ventures China, Warburg Pincus"
BillDesk,$1.90,11/16/2018,India,Fintech,"Temasek Holdings, Visa, March Capital Partners"
Airtable,$1.10,11/15/2018,United States,Internet software & services,"Caffeinated Capital, CRV, Founder Collective"
ServiceTitan,$1.65,11/14/2018,United States,Internet software & services,"Bessemer Venture Partners, ICONIQ Capital, Battery Ventures"
iFood,$1,11/13/2018,Brazil,"Supply chain, logistics, & delivery","Movile, Just Eat, Naspers"
Sweetgreen,$1.60,11/13/2018,United States,Consumer & retail,"Red Sea Ventures, Fidelity Investments, Revolution"
Netskope,$3,11/13/2018,United States,Cybersecurity,"Lightspeed Venture Partners, Social Capital, Accel"
Roivant Sciences,$9.09,11/13/2018,United States,Health,"SoftBankGroup, Founders Fund"
TripActions,$4,11/8/2018,United States,Travel,"Andreessen Horowitz, Lightspeed Venture Partners, Zeev Ventures"
Bitfury,$1,11/6/2018,Netherlands,Hardware,"Georgian Co-Investment Fund, iTech Capital, Galaxy Digital"
Zume Pizza,$2.25,11/1/2018,United States,Consumer & retail,"Softbank Group, AME Cloud Ventures, SignalFire"
HashiCorp,$5.10,11/1/2018,United States,Internet software & services,"Redpoint Ventures, True Ventures, Mayfield Fund"
Monzo,$1.57,10/31/2018,United Kingdom,Fintech,"Passion Capital, Thrive Capital, Orange Digital Ventures"
Epic Games,$15,10/26/2018,United States,Other,"Tencent Holdings, KKR, Smash Ventures"
Terminus Technologies,$1,10/25/2018,China,Hardware,"China Everbright Limited, IDG Capital, iFLYTEK"
Omio,$1,10/23/2018,Germany,Travel,"Lakestar, Battery Ventures, New Enterprise Associates"
Kuayue Express,$2.88,10/23/2018,China,"Supply chain, logistics, & delivery","Sequoia Capital China, Eastern Bell Capital"
GPClub,$1.32,10/22/2018,South Korea,Other,Goldman Sachs
Pax Labs,$1.70,10/22/2018,United States,Consumer & retail,"Tao Capital Partners, Global Asset Capital, Tiger Global Management"
Hosjoy,$1,10/18/2018,China,E-commerce & direct-to-consumer,"U.S.-China Green Fund, Founder H Fund, Richland Equities"
Momenta,$1,10/17/2018,China,Artificial intelligence,"Sinovation Ventures, Tencent Holdings, Sequoia Capital China"
Devoted Health,$1.80,10/16/2018,United States,Health,"Andreessen Horowitz, F-Prime Capital, Venrock"
Linklogis,$1.05,10/15/2018,China,Fintech,"Bertelsmann Asia Investments, Loyal Valley Capital, Tencent Holdings"
Allbirds,$1.40,10/11/2018,United States,E-commerce & direct-to-consumer,"Lerer Hippeau Ventures, T. Rowe Price, Tiger Global Management"
Tresata,$1,10/10/2018,United States,Fintech,GCP Capital Partners
Cloudwalk,$3.32,10/8/2018,China,Artificial intelligence,"Oriza Holdings, Guangdong Technology Financial Group"
Brex,$3,10/5/2018,United States,Fintech,"DST Global, Ribbit Capital, Greenoaks Capital Management"
ZipRecruiter,$1,10/4/2018,United States,Artificial intelligence,"Basepoint Ventures,Industry Ventures, and Institutional Venture Partners"
JFrog,$1.50,10/4/2018,United States,Internet software & services,"Gemini Israel Ventures, VMware, Battery Ventures"
TalkDesk,$1,10/3/2018,United States,Internet software & services,"DJF, Salesforce Ventures, Storm Ventures"
MINISO Life,$2.20,9/30/2018,China,Consumer & retail,"Hillhouse Capital Management, and Tencent Holdings"
Oyo Rooms,$10,9/25/2018,India,Travel,"SoftBank Group, Sequoia Capital India,Lightspeed India Partners"
Convoy,$2.75,9/21/2018,United States,"Supply chain, logistics, & delivery","Greylock Partners, capitalG, Y Combinator"
WalkMe,$1,9/20/2018,United States,Internet software & services,"Gemini Israel Ventures, Insight Venture Partners, Giza Venture Capital"
Yijiupi (易久批),$1.10,9/20/2018,China,Consumer & retail,"Source Code Capital, Meituan Dianping, Tencent Holdings"
GitLab,$2.77,9/19/2018,United States,Internet software & services,"Google Ventures, ICONIQ Capital, Khosla Ventures"
Nxin (农信互联),$1,9/18/2018,China,Internet software & services,"Beijing Juneng Hesheng Industry Investment Fund, Beijing Shuju Xinrong Fund"
Aijia Life,$1,9/17/2018,China,Other,"Tiantu Capital, Fortune Capital, Zhenghedao Fund"
Tuhu,$1.16,9/15/2018,China,Auto & transportation,"Qiming Venture Partners, Yaxia Automobile, Far East Horizon"
Banma Network Technologies,$1,9/13/2018,China,Auto & transportation,"Yunfeng Capital, SDIC Innovation Investment Management, Shang Qi Capital"
Branch,$1,9/10/2018,United States,Mobile & telecommunications,"New Enterprise Associates, Pear, Cowboy Ventures"
Roblox,$4,9/4/2018,United States,Internet software & services,"Atlos Ventures, Index Ventures, First Round Capital"
Udaan,$2.30,9/3/2018,India,"Supply chain, logistics, & delivery","DST Global, Lightspeed Venture Partners, Microsoft ScaleUp"
Rappi,$1,8/31/2018,Colombia,"Supply chain, logistics, & delivery","DST Global, Andreessen Horowitz, Sequoia Capital, Redpoint e.ventures"
Shansong Express (FlashEx),$1,8/27/2018,China,"Supply chain, logistics, & delivery","Prometheus Capital, Matrix Partners China, JD Capital Management"
Root Insurance,$3.65,8/22/2018,United States,Fintech,"Tiger Global Management, Ribbit Capital, Redpoint Ventures"
Krafton Game Union,$5,8/9/2018,South Korea,Other,"Tencent Holdings, Stonebridge Capital, IMM Investment"
Klook,$1,8/7/2018,Hong Kong,Travel,"Sequoia Capital China, Goldman Sachs, Matrix Partners China"
GoodRx,$2.80,8/6/2018,United States,Health,"Silver Lake Partners, SV Angel, Upfront Ventures"
Samumed,$12,8/6/2018,United States,Health,"Vickers Venture Partners, IKEA GreenTech"
Deezer,$1.40,8/2/2018,France,Internet software & services,"Orange Digital Ventures, Access Industries"
XPeng Motors,$4,8/2/2018,China,Auto & transportation,"Morningside Venture Capital, Foxconn Technology Company, Alibaba Group"
Formlabs,$1.06,8/1/2018,United States,Hardware,"Pitango Venture Capital, DFJ Growth Fund, Foundry Group"
Medlinker,$1,7/31/2018,China,Health,"China Health Industry Investment Fund, China Renaissance, and Sequoia Capital China"
LegalZoom,$2,7/31/2018,United States,Internet software & services,"K1 Capital, Francisco Partners, Neuberger Berman"
Freshworks,$3.50,7/31/2018,United States,Internet software & services,"Accel, Tiger Global Management, capitalG"
Tuya Smart,$1.44,7/24/2018,China,Internet software & services,"New Enterprise Associates, Quadrille Capital, Global Bridge Capital"
Unisound,$1.19,7/19/2018,China,Artificial intelligence,"Qiming Venture Partners, China Internet Investment Fund, Qualcomm Ventures"
About You,$1,7/19/2018,Germany,E-commerce & direct-to-consumer,"German Media Pool, Seven Venture Capital"
Wacai,$1,7/18/2018,China,Mobile & telecommunications,"Qiming Venture Partners, China Broadband Capital, CDH Investments"
Zuoyebang,$3,7/18/2018,China,Edtech,"Sequoia Capital China, Xiang He Capital, GGV Capital"
Greensill,$3.50,7/16/2018,United Kingdom,Fintech,"SoftBank Group, General Atlantic"
Pat McGrath Labs,$1,7/13/2018,United States,Consumer & retail,"One Luxury Group, Eurazeo"
Butterfly Network,$1.25,7/13/2018,United States,Artificial intelligence,"Bill & Melinda Gates Foundation, Aeris Capital,"
Aihuishou,$2.50,7/12/2018,China,E-commerce & direct-to-consumer,"Morningside Ventures, JD.com, Tiantu Capital"
Pony.ai,$3,7/11/2018,United States,Artificial intelligence,"Sequoia Capital China, IDG Capital, DCM Ventures"
MediaMath,$1,7/10/2018,United States,Internet software & services,"Silicon Valley Bank, QED Investors, European Founders Fund"
Toast,$4.90,7/10/2018,United States,Fintech,"Bessemer Venture Partners, Tiger Global Management, Google Ventures"
Bitmain Technologies,$12,7/6/2018,China,Hardware,"Coatue Management, Sequoia Capital China, IDG Capital"
LinkDoc Technology,$1,7/5/2018,China,Health,"China Investment Corporation, New Enterprise Associates"
Intercom,$1.29,7/3/2018,United States,Internet software & services,"FirstMark Capital, Tiger Global Management"
Automation Anywhere,$6.80,7/2/2018,United States,Artificial intelligence,"General Atlantic, Goldman Sachs, New Enterprise Associates"
Celonis,$2.50,6/26/2018,Germany,Data management & analytics,"Accel, 83North"
Swiggy,$3.60,6/21/2018,India,"Supply chain, logistics, & delivery","Accel India, SAIF Partners, Norwest Venture Partners"
China Cloud,$1,6/11/2018,China,Hardware,"V Star Capital, GF Xinde Investment Management Co., Haitong Leading Capital Management"
Cohesity,$2.50,6/11/2018,United States,Data management & analytics,"SoftBank Group, Sequoia Capital, Wing Venture Capital"
Gett,$1.40,6/7/2018,Israel,Auto & transportation,"Volkswagen, Access Industries, Vostok New Ventures"
OutSystems,$1,6/5/2018,Portugal,Internet software & services,"KKR, ES Ventures, North Bridge Growth Equity"
Dataminr,$1.60,6/4/2018,United States,Artificial intelligence,"Venrock, Institutional Venture Partners, Goldman Sachs"
Hello TransTech,$5,06/01/2018,China,Auto & transportation,"Ant Financial Services Group, GGV Capital"
Tradeshift,$1.10,5/30/2018,United States,Fintech,"Notion Capital, Scentan Ventures, Kite Ventures"
Bolt,$1.90,05/30/2018,Estonia,Auto & transportation,"Didi Chuxing, Diamler, TMT Investments"
JOLLY Information Technology,$1,05/29/2018,China,E-commerce & direct-to-consumer,"Legend Capital, CDH Investments, Sequoia Capital China"
Bird Rides,$2.78,05/29/2018,United States,Auto & transportation,"Tusk Ventures, Craft Ventures, Sequoia Capital"
Huike Group,$1,05/24/2018,China,Edtech,"Fosun RZ Capital, Oceanwide Holdings, Shenzhen Qianhe Capital Management Co."
Orbbec Technology,$1,5/21/2018,China,Hardware,"R-Z Capital, Green Pine Capital Partners, SAIF Partners China"
Preferred Networks,$2,5/17/2018,Japan,Artificial intelligence,"Toyota Motor Corporation, Mizuho Financial Group, FANUC"
Darktrace,$1.65,5/15/2018,United Kingdom,Artificial intelligence,"KKR, Ten Eleven Ventures, Summit Partners"
Circle Internet Financial,$3,5/15/2018,United States,Fintech,"General Catalyst, Digital Currency Group, Accel"
ThoughtSpot,$1,5/8/2018,United States,Internet software & services,"Lightspeed Venture Partners, Khosla Ventures, Geodesic Capital"
Soundhound,$1,05/03/2018,United States,Artificial intelligence,"Tencent Holdings, Walden Venture Capital, Global Catalyst Partnera"
Infi,$1.25,5/1/2018,Israel,Artificial intelligence,Pacific Century Group
Flexport,$3.20,4/30/2018,United States,"Supply chain, logistics, & delivery","Bloomberg Beta, Founders Fund, First Round Capital"
Revolut,$5.50,4/26/2018,United Kingdom,Fintech,"index Ventures, DST Global, Ribbit Capital"
Manbang Group,$6,4/24/2018,China,"Supply chain, logistics, & delivery","Softbank Group, CapitalG"
BYTON,$2.50,4/20/2018,China,Auto & transportation,"FAW Group, Tencent Holdings, Tus Holdings"
Discord,$3.50,04/20/2018,United States,Internet software & services,"Benchmark, Greylock Partners, Tencent Holdings"
100credit,$1,4/18/2018,China,Fintech,"Sequoia Capital China, China Reform Fund, Hillhouse Capital Management"
AIWAYS,$1.59,4/16/2018,China,Auto & transportation,"Jiangsu Sha Steel Group, Shanghai Puyin Industry, Funa Yuanchuang Technology"
Dxy.cn,$1,04/10/2018,China,Health,"Tencent Holdings, DCM Ventures"
Xinchao Media,$1.72,4/9/2018,China,Internet software & services,"JD.com, Baidu, Vision Plus Capital"
WTOIP,$1.27,4/8/2018,China,Internet software & services,"Dark Horse Technology Group, Hopu Investment Management, Kefa Capital"
Youxia Motors,$3.35,4/2/2018,China,Auto & transportation,"China Environmental Protection Industry, China Fortune Ocean"
Starry,$1.27,3/27/2018,United States,Mobile & telecommunications,"Social Capital, Bessemer Venture Partners"
Samsara Networks,$5.40,3/22/2018,United States,Hardware,"Andreessen Horowitz, General Catalyst"
Tempus,$5,3/21/2018,United States,Health,"New Enterprise Associates, T. Rowe Associates, Lightbank"
Coocaa,$1.45,3/16/2018,China,Hardware,"Baidu, Tencent Holdings"
YITU Technology,$2.37,3/8/2018,China,Artificial intelligence,"Sequoia Capital China, Banyan Capital"
17zuoye,$1,03/07/2018,China,Edtech,"DST Global, Temasek Holdings"
Atom Bank,$1.25,3/7/2018,United Kingdom,Fintech,"Toscafund Asset Management, Woodford Investment Management, BBVA"
UiPath,$6.40,3/2/2018,United States,Artificial intelligence,"Accel, capitalG, Earlybrid Venture Capital, Seedcamp"
Nubank,$10,3/1/2018,Brazil,Fintech,"Sequoia Capital, Redpoint e.ventures, Kaszek Ventures"
DoorDash,$16,3/1/2018,United States,"Supply chain, logistics, & delivery","Softbank Group, Sequoia Capital, Khosla Ventures"
NuCom Group,$2.20,2/22/2018,Germany,Other,General Atlantic
Lalamove,$1,02/21/2018,Hong Kong,"Supply chain, logistics, & delivery","MindWorks Ventures, Shunwei Capital Partners, Xiang He Capital"
OrCam Technologies,$1,02/21/2018,Israel,Artificial intelligence,"Intel Capital, Aviv Venture Capital"
EasyHome,$5.70,2/12/2018,China,Consumer & retail,"Alibaba Group, Boyu Capital, Borui Capital"
Rani Therapeutics,$1,2/8/2018,United States,Health,"Google Ventures, VentureHealth, InCube Ventures"
Snowflake Computing,$12.40,1/25/2018,United States,Data management & analytics,"Redpoint Ventures,Iconiq Capital, Madrona Venture Group"
Hive Box,$1.40,1/23/2018,China,"Supply chain, logistics, & delivery","Eastern Bell Capital, SF Holding Co, STO Express"
Cabify,$1.40,1/22/2018,Spain,Auto & transportation,"Seaya Ventures, Otter Rock Capital, Rakuten"
CAOCAO,$1.60,1/17/2018,China,Auto & transportation,"People Electrical Appliance Group China, Zhongrong International Trust"
Ziroom,$6.60,1/17/2018,China,E-commerce & direct-to-consumer,"Sequoia Capital China, Warburg Pincus, General Catalyst"
Meicai,$2.80,1/11/2018,China,Mobile & telecommunications,"Tiger Global Management, Blue Lake Capital, ZhenFund"
Canva,$6,01/08/2018,Australia,Internet software & services,"Sequoia Capital China, Blackbird Ventures, Matrix Partners"
Zhangmen,$1,12/26/2017,China,Edtech,"Shunwei Capital Partners, QingSong Fund, Warburg Pincus"
Carbon,$2.40,12/20/2017,United States,Hardware,"Google Ventures, Sequoia Capital, Wakefield Group"
JUUL Labs,$12,12/20/2017,United States,Consumer & retail,Tiger Global Management
Squarespace,$1.70,12/14/2017,United States,Internet software & services,"General Atlantic, Index Ventures, Accel Partners"
Ginkgo BioWorks,$4.20,12/14/2017,United States,Health,"Y Combinator, Data Collective, MassVentures"
Affirm,$2.90,12/11/2017,United States,Fintech,"Andreessen Horowitz, Khosla Ventures, Singapore Wealth Fund"
Payoneer,$1,12/5/2017,United States,Fintech,"Susquehanna Growth Equity, 83North, China Broadband Capital"
HeartFlow,$1.50,12/4/2017,United States,Health,"BlueCross BlueShield Venture Partners, US Venture Partners"
Radius Payment Solutions,$1.07,11/27/2017,United Kingdom,Fintech,Inflexion Private Equity
Niantic,$4,11/24/2017,United States,Mobile & telecommunications,"Nintendo, Google, Pokemon Company International, Spark Capital"
BGL Group,$3,11/24/2017,United Kingdom,Fintech,CPP Investment Board
Bukalapak,$2.50,11/16/2017,Indonesia,E-commerce & direct-to-consumer,"500 Startups, Batavia Incubator, Emtek Group"
Maimai,$1,11/15/2017,China,Mobile & telecommunications,"Morningside Venture Capital, IDG Capital, DCM Ventures"
WeLab,$1,11/8/2017,Hong Kong,Fintech,"Sequoia Capital China, ING, Alibaba Entrepreneurs Fund"
InVision,$1,11/1/2017,United States,Internet software & services,"FirstMark Capital, Tiger Global Management, ICONIQ Capital"
XiaoZhu,$1,11/1/2017,China,Travel,"Morningside Ventures, Capital Today, JOY Capital"
SouChe Holdings,$3,11/1/2017,China,E-commerce & direct-to-consumer,"Morningside Ventures, Warburg Pincus, CreditEase Fintech Investment Fund"
Face++ (Megvii),$4,10/31/2017,China,Artificial intelligence,"Ant Financial Services Group, Russia-China Investment Fund, Foxconn Technology Company"
Revolution Precrafted,$1,10/23/2017,Philippines,Other,"K2 Global, 500 Startups"
Yidian Zixun,$1.40,10/17/2017,China,Mobile & telecommunications,"Phoenix New Media, Tianjin Haihe Industry Fund"
OakNorth,$2.80,10/12/2017,United Kingdom,Fintech,"Clermont Group, Coltrane Asset Management, Toscafund Asset Management"
Tongdun Technology,$2,10/10/2017,China,Cybersecurity,"Advantech Capital, Temasek Holdings Ltd., Tiantu Capital Co."
Supreme,$1,10/9/2017,United States,Consumer & retail,The Carlyle Group
Indigo Agriculture,$3.50,9/26/2017,United States,Artificial intelligence,"Activant Capital Group, Alaska Permanent Fund, Baillie Gifford & Co."
Deliveroo,$2,9/25/2017,United Kingdom,"Supply chain, logistics, & delivery","Accel Partners, General Catalyst, Index Ventures"
Ximalaya FM,$1.52,9/22/2017,China,Mobile & telecommunications,"China Creation Ventures, Sierra Ventures, Xingwang Investment Management"
YH Global,$1,9/21/2017,China,"Supply chain, logistics, & delivery","Co-Energy Finance, Grandland"
United Imaging Healthcare,$5,9/14/2017,China,Health,"China Life Insurance, China Development Bank Capital, CITIC Securities International"
Rubicon Global,$1,8/25/2017,United States,Other,"Goldman Sachs, Leonardo DiCaprio, Promecap"
Vista Global,$2.50,8/23/2017,Malta,Other,Rhone Capital
Vipkid,$4.50,8/23/2017,China,Edtech,"Sequoia Capital China, Tencent Holdings, Sinovation Ventures"
Cambricon,$2.50,8/18/2017,China,Artificial intelligence,
The Hut Group,$3.25,08/13/2017,United Kingdom,E-commerce & direct-to-consumer,"KKR, Old Mutual Global Investors, Artemis Investment Management"
Coinbase,$8,8/10/2017,United States,Fintech,"Y Combinator, Union Square Ventures, DFJ Growth"
Cell C,$1,8/8/2017,South Africa,Mobile & telecommunications,"Blue Label Telecoms, Net1 UEPS Technologies"
Dianrong,$1,8/2/2017,China,E-commerce & direct-to-consumer,"Standard Chartered, FinSight Ventures, Affirma Capital"
reddit,$1.80,7/31/2017,United States,Internet software & services,"Y Combinator, Sequoia Capital, Coatue Management"
Traveloka,$2,7/28/2017,Indonesia,Travel,"Global Founders Capital, East Ventures, Expedia Inc."
DotC United Group,$1,7/25/2017,China,Mobile & telecommunications,"Chengwei Capital, Lightspeed China Partners, Morningside Venture Capital"
BYJU'S,$10.50,7/25/2017,India,Edtech,"Tencent Holdings, Lightspeed India Partners, Sequoia Capital India"
Luoji Siwei,$1.17,7/20/2017,China,Edtech,"Sequoia Capital China, Qiming Venture Partners, Tencent Holdings"
Desktop Metal,$1.50,7/17/2017,United States,Hardware,"Australian Future Fund, GE Ventures, Data Collective"
SenseTime,$7.50,7/11/2017,China,Artificial intelligence,"Star VC, IDG Capital, Infore Capital, Alibaba Group"
Zhaogang,$1,6/29/2017,China,E-commerce & direct-to-consumer,"K2 Ventures, Matrix Partners China, IDG Capital"
Otto Bock HealthCare,$3.50,6/24/2017,Germany,Health,EQT Partners
AvidXchange,$1.40,6/8/2017,United States,Fintech,"Temasek Holdings, Charlotte Angel Partners, TPG Growth"
DT Dream,$1.50,6/8/2017,China,Data management & analytics,"Alibaba Group, China Everbright Investment Management, Yinxinggu Capital"
Yuanfudao,$7.80,5/31/2017,China,Edtech,"Tencent Holdings, Warbug Pincus, IDG Capital"
Symphony Communication Services,$1.40,5/16/2017,United States,Internet software & services,"BNP Paribas, Goldman Sachs, Google"
Improbable,$2,5/12/2017,United Kingdom,Other,"Andreessen Horowitz, SoftBank Group, Temasek Holdings"
Clover Health,$1.20,5/10/2017,United States,Health,"Google Ventures, Sequoia Capital, First Round Capital"
Rubrik,$3.30,4/28/2017,United States,Data management & analytics,"Greylock Partners, Lightspeed Venture Partners, Khosla Ventures"
Robinhood,$8.30,4/26/2017,United States,Fintech,"Google Ventures, Andreessen Horowitz, DST Global"
Quora,$2,4/21/2017,United States,Internet software & services,"Y Combinator, Matrix Partners, Benchmark"
Zhuan Zhuan,$1,4/18/2017,China,E-commerce & direct-to-consumer,"58.com, Tencent Holdings"
Afiniti,$1.80,4/14/2017,United States,Artificial intelligence,GAM Holding
Katerra,$1,4/13/2017,United States,"Supply chain, logistics, & delivery","Foxconn Technology Company, Khosla Ventures, Moore Capital Management"
BrewDog,$1.15,4/10/2017,United Kingdom,Consumer & retail,"TSG Consumer Partners, Crowdcube"
Toutiao (Bytedance),$75,4/7/2017,China,Artificial intelligence,"Sequoia Capital China, SIG Asia Investments, Sina Weibo, Softbank Group"
Avaloq Group,$1.01,3/22/2017,Switzerland,Fintech,Warbug Pincus
Rocket Lab,$1,3/21/2017,United States,Other,"Lockheed Martin, Khosla Ventures, Bessemer Venture Partners"
C3,$1.40,3/2/2017,United States,Artificial intelligence,"Makena Capital Management, TPG Growth, Breyer Capital"
GRAIL,$3.20,3/1/2017,United States,Health,"Kleiner Perkins Caufield & Byers, Amazon, Merck & Co."
CGTZ,$1.40,2/21/2017,China,Fintech,"Shunwei Capital Partners, China Media Group, Guangzhou Huiyin Aofeng Equity Investment Fund"
ReNew Power,$2,2/14/2017,India,Other,"Goldman Sachs, JERA, Asian Development Bank"
Zhihu,$2.50,1/12/2017,China,Internet software & services,"Tencent Holdings, Sinovation Ventures, Qiming Venture Partners"
AppLovin,$1.40,1/1/2017,United States,Mobile & telecommunications,"Orient Hontai Capital, Webb Investment Network"
Global Switch,$11.08,12/22/2016,United Kingdom,Hardware,"Aviation Industry Corporation of China, Essence Financial, Jiangsu Sha Steel Group"
Kendra Scott,$1,12/21/2016,United States,Consumer & retail,"Berkshire Partners, Norwest Venture Partners"
Procore,$5,12/8/2016,United States,Internet software & services,"Bessemer Venture Partners, O'Connor Ventures, Iconiq Capital"
OpenDoor Labs,$3.80,11/30/2016,United States,E-commerce & direct-to-consumer,"Norwest Venture Partners, New Enterprise Associates, Khosla Ventures"
Yiguo (易果生鲜),$1.20,11/9/2016,China,"Supply chain, logistics, & delivery","Alibaba Group, KKR, Goldman Sachs"
Promasidor Holdings,$1.58,11/8/2016,South Africa,Consumer & retail,"IFC, Ajinomoto"
OfferUp,$1.20,9/8/2016,United States,Mobile & telecommunications,"Andreessen Horowitz, GGV Capital, T. Rowe Price"
Huimin,$2,9/5/2016,China,E-commerce & direct-to-consumer,"Zheshang Venture Capital, GP Capital, Western Capital Management"
Compass,$6.40,8/31/2016,United States,E-commerce & direct-to-consumer,"Founders Fund, Thrive Capital, Wellington Management"
Quanergy Systems,$2,8/24/2016,United States,Auto & transportation,"Delphi Automotive, Samsung Ventures, Motus Ventures"
Hike,$1.40,8/16/2016,India,Mobile & telecommunications,"Foxconn, Tiger Global management, Tencent"
Go-Jek,$10,8/4/2016,Indonesia,"Supply chain, logistics, & delivery","Formation Group, Sequoia Capital India, Warburg Pincus"
UBTECH Robotics,$5,7/26/2016,China,Hardware,"CDH Investments, Goldstone Investments, Qiming Venture Partners"
Unity Technologies,$6,7/13/2016,United States,Other,"Sequoia Capital, iGlobe Partners, DFJ Growth"
SMS Assist,$1,6/13/2016,United States,Internet software & services,"Goldman Sachs, Insights Venture Partners, Pritzker Group Venture Capital"
Dadi Cinema,$3.20,5/11/2016,China,Other,Alibaba Pictures Group
Age of Learning,$1,5/3/2016,United States,Edtech,Iconiq Capital
Mofang Living,$1,4/13/2016,China,E-commerce & direct-to-consumer,"Warburg Pincus, Aviation Industry Corporation of China"
iCarbonX,$1,4/12/2016,China,Artificial intelligence,"Tencent, Vcanbio"
Lianjia (Homelink),$5.80,4/8/2016,China,E-commerce & direct-to-consumer,"Tencent, Baidu, Huasheng Capital"
Xiaohongshu,$3,3/31/2016,China,E-commerce & direct-to-consumer,"GGV Capital, ZhenFund, Tencent"
Guazi (Chehaoduo),$9,3/12/2016,China,E-commerce & direct-to-consumer,"Sequoia Capital China, GX Capital"
58 Daojia,$1,2/18/2016,China,Internet software & services,"KKR, Alibaba Group, Ping An Insurance"
MindMaze,$1,2/17/2016,Switzerland,Health,Hinduja Group
L&P Cosmetic,$1.19,1/1/2016,South Korea,Consumer & retail,CDIB Capital
Gusto,$3.80,12/18/2015,United States,Fintech,"General Catalyst Partners, Google Ventures, Kleiner Perkins Caufield & Byers"
Yixia,$2.90,11/24/2015,China,Mobile & telecommunications,"Sequoia Capital China, Sina Weibo, Kleiner Perkins Caufield & Byers, Redpoint Ventures"
iTutorGroup,$1,11/18/2015,China,Edtech,"QiMing Venture Partners, Temasek Holdings, Silverlink Capital"
HuJiang,$1,10/29/2015,China,Edtech,"China Minsheng Investment, Baidu, Wanxin Media"
Uptake,$2.30,10/27/2015,United States,Artificial intelligence,"Revolution, New Enterprise Associates, Caterpillar"
Kabbage,$1,10/14/2015,United States,Fintech,"BlueRun Ventures, SV Angel, Mohr Davidow Ventures"
Womai,$1,10/12/2015,China,E-commerce & direct-to-consumer,"SAIF Partners China, Baidu, IDG Capital"
AppDirect,$1.04,10/7/2015,United States,E-commerce & direct-to-consumer,"Mithril, iNovia Capital, Foundry Group"
Avant,$2,9/30/2015,United States,Artificial intelligence,"RRE Ventures, Tiger Global, August Capital"
Thumbtack,$1.70,9/29/2015,United States,E-commerce & direct-to-consumer,"Tiger Global, Sequoia Capital, Google Capital"
GuaHao (We Doctor),$5.50,9/22/2015,China,Health,"Tencent, Morningside Group"
BlaBlaCar,$1.60,9/16/2015,France,Auto & transportation,"Accel Partners, Index Ventures, Insight Venture Partners"
Wemakeprice,$2.33,9/9/2015,South Korea,E-commerce & direct-to-consumer,"IMM Investment, NXC"
Mia.com,$1,9/8/2015,China,E-commerce & direct-to-consumer,"Sequoia Capital China, ZhenFund, K2 Ventures"
Zocdoc,$1.80,8/20/2015,United States,Health,"Founders Fund, Khosla Ventures, Goldman Sachs"
Buzzfeed,$1.70,8/18/2015,United States,Internet software & services,"SV Angel, RRE Ventures, New Enterprise Associates"
Royole Corporation,$6,8/18/2015,China,Hardware,"Warmsun Holding, IDG Capital Partners"
Vox Media,$1,8/12/2015,United States,Internet software & services,"Accel Partners, Comcast Ventures, General Atlantic"
Auto1 Group,$3.54,8/3/2015,Germany,E-commerce & direct-to-consumer,"Digital Sky Technologies, Piton Capital, DN Capital, SoftBank Group"
Jiuxian,$1.05,7/30/2015,China,E-commerce & direct-to-consumer,"Sequoia Capital China, Rich Land Capital, Merrysunny Wealth"
Oxford Nanopore Technologies,$1.96,7/21/2015,United Kingdom,Health,"Illumina, Invesco Perpetual, IP Group"
Zeta Global,$1.30,7/15/2015,United States,Internet software & services,"GSO Capital Partners, Franklin Square"
LIfeMiles,$1.15,7/13/2015,Colombia,Other,Advent International
OVH,$1.10,7/3/2015,France,Other,"KKR, TowerBrook Capital Partners"
23andMe,$2.50,7/3/2015,United States,Health,"Google Ventures, New Enterprise Associates, MPM Capital"
FXiaoKe,$1,7/2/2015,China,Mobile & telecommunications,"IDG Capital, Northern Light Venture Capital, DCM Ventures"
Tujia,$1.50,6/17/2015,China,Travel,"GGV Capital, QiMing Venture Partnersl"
Zhubajie,$1.61,6/16/2015,China,Internet software & services,"Cybernaut Growth Fund, IDG Capital"
BenevolentAI,$2.10,6/2/2015,United Kingdom,Artificial intelligence,Woodford Investment Management
Wish,$11.20,5/18/2015,United States,E-commerce & direct-to-consumer,"Founders Fund, GGV Capital, Digital Sky Technologies"
MarkLogic,$1,5/12/2015,United States,Data management & analytics,"Sequoia Capital, Tenaya Capital, Northgate Capital"
One97 Communications,$16,5/12/2015,India,Fintech,"Intel Capital, Sapphire Ventures, Alibaba Group"
Zenefits,$2,5/6/2015,United States,Fintech,"SV Angel, Institutional Venture Partners, Venrock"
DJI Innovations,$15,5/6/2015,China,Hardware,"Accel Partners, Sequoia Capital"
Warby Parker,$1.20,4/30/2015,United States,E-commerce & direct-to-consumer,"BoxGroup, Felicis Ventures, First Round Capital"
Infinidat,$1.60,4/29/2015,Israel,Hardware,"TPG Growth, Goldman Sachs"
Oscar Health,$3.20,4/20/2015,United States,Health,"BoxGroup, Formation8, Khosla Ventures"
Docker,$1.30,4/14/2015,United States,Internet software & services,"Greylock Partners, Lightspeed Venture Partners, Lowercase Capital"
Zomato,$3.25,4/10/2015,India,Internet software & services,"Sequoia Capital, VY Capital"
Sprinklr,$1.80,3/31/2015,United States,Internet software & services,"Azure Capital Partners, Battery Ventures, Intel Capital"
Tanium,$9,3/31/2015,United States,Cybersecurity,"Andreessen Horowitz, Nor-Cal Invest, TPG Growth"
Tubatu.com,$2,3/9/2015,China,E-commerce & direct-to-consumer,"Sequoia Capital China, Matrix Partners China, 58.com"
CureVac,$1.30,3/5/2015,Germany,Health,"dievini Hopp BioTech Holding & Co., Eli Lilly & Co., LBBW Venture Capital"
Nextdoor,$2.10,3/4/2015,United States,Internet software & services,"Benchmark Capital, DAG Ventures, Insight Venture Partners"
SoFi,$4.80,2/3/2015,United States,Fintech,"Baseline Ventures, DCM Ventures, Institutional Venture Partners"
TransferWise,$3.50,1/26/2015,United Kingdom,Fintech,"IA Ventures, Index, Ventures, SV Angel"
BeiBei,$1,1/22/2015,China,E-commerce & direct-to-consumer,"Banyan Capital, New Horizon Capital, IDG Capital Partners"
Apus Group,$1.73,1/16/2015,China,Mobile & telecommunications,"Redpoint Ventures, QiMing Venture Partners, Chengwei Capital"
Red Ventures,$1,1/7/2015,United States,Other,"Silver Lake Partners, General Atlantic"
LinkSure Network,$1,1/1/2015,China,Mobile & telecommunications,N/A
Kuaishou,$18,1/1/2015,China,Mobile & telecommunications,"Morningside Venture Capital, Sequoia Capital, Baidu"
Didi Chuxing,$56,12/31/2014,China,Auto & transportation,"Matrix Partners, Tiger Global Management, Softbank Corp.,"
Instacart,$13.80,12/30/2014,United States,"Supply chain, logistics, & delivery","Khosla Ventures, Kleiner Perkins Caufield & Byers, Collaborative Fund"
Grab,$14.30,12/4/2014,Singapore,Auto & transportation,"GGV Capital, Vertex Venture Holdings, Softbank Group"
InMobi,$1,12/2/2014,India,Mobile & telecommunications,"Kleiner Perkins Caufield & Byers, Softbank Corp., Sherpalo Ventures"
Yello Mobile,$4,11/11/2014,South Korea,Mobile & telecommunications,Formation 8
Ola Cabs,$6.32,10/27/2014,India,Auto & transportation,"Accel Partners, SoftBank Group, Sequoia Capital"
Koudai,$1.40,10/23/2014,China,E-commerce & direct-to-consumer,"New Enterprise Associates, Tiger Global management, Tencent"
Magic Leap,$6.30,10/21/2014,United States,Hardware,"Obvious Ventures, Qualcomm Ventures, Andreessen Horowitz"
Houzz,$4,9/30/2014,United States,E-commerce & direct-to-consumer,"New Enterprise Associates, Sequoia Capital, Comcast Ventures"
TechStyle Fashion Group,$1,8/29/2014,United States,E-commerce & direct-to-consumer,"Matrix Partners, Passport Capital, Rho Ventures"
Lookout,$1,8/13/2014,United States,Cybersecurity,"Accel Partners, Greylock Partners, Lowercase Capital"
ironSource,$1.50,8/11/2014,Israel,Mobile & telecommunications,"Access Industries, Clal Industries and Investments"
Meizu Technology,$4.58,7/23/2014,China,Hardware,"Telling Telecommunication Holding Co., Alibaba Group"
Proteus Digital Health,$1.50,6/2/2014,United States,Health,"Novartis, Essex Woodlands, The Carlyle Group"
Coupang,$9,5/28/2014,South Korea,E-commerce & direct-to-consumer,"Sequoia Capital, Founder Collective, Wellington Management"
Snapdeal,$7,5/21/2014,India,E-commerce & direct-to-consumer,"SoftBankGroup, Blackrock, Alibaba Group"
XANT,$1.70,4/28/2014,United States,Artificial intelligence,"Microsoft Ventures, US Venture Partners, Kleiner Perkins Caufield & Byers"
Illumio,$1,4/14/2014,United States,Cybersecurity,"Data Collective, Formation 8, General Catalyst Partners"
Intarcia Therapeutics,$3.80,4/1/2014,United States,Health,"New Enterprise Associates, New Leaf Venture Partners, Charter Venture Capital"
Actifio,$1.10,3/24/2014,United States,Data management & analytics,"Greylock Partners, North Bridge Venture Partners, Technology Crossover Ventures"
TangoMe,$1.10,3/20/2014,United States,Mobile & telecommunications,"Draper Fisher Jurtson, Qualcomm Ventures, Alibaba Group"
Stripe,$36,1/23/2014,United States,Fintech,"Khosla Ventures, LowercaseCapital, capitalG"
Vice Media,$5.70,8/17/2013,United States,Internet software & services,"Technology Crossover Ventures, A&E Television Networks"
Automattic,$3,5/27/2013,United States,Internet software & services,"Insight Venture Partners, Lowercase Capital, Polaris Partners"
Mu Sigma,$1.50,2/7/2013,United States,Data management & analytics,"Sequoia Capital, General Atlantic"
SpaceX,$36,12/1/2012,United States,Other,"Founders Fund, Draper Fisher Jurvetson, Rothenberg Ventures"
Fanatics,$4.50,6/6/2012,United States,E-commerce & direct-to-consumer,"SoftBank Group, Andreessen Horowitz, Temasek Holdings"
Trendy Group International,$2,2/13/2012,China,Consumer & retail,L Capital Partners
Klarna,$5.50,12/12/2011,Sweden,Fintech,"Institutional Venture Partners, Sequoia Capital, General Atlantic"
Airbnb,$18,7/26/2011,United States,Travel,"General Catalyst Partners, Andreessen Horowitz, ENIAC Ventures"
Palantir Technologies,$20,5/5/2011,United States,Data management & analytics,"RRE Ventures, Founders Fund, In-Q-Tel"
VANCL,$3,12/14/2010,China,E-commerce & direct-to-consumer,"Ceyuan Ventures, QiMing Venture Partners, Temasek Holdings"